packets_per_sec,avg_packet_size
20,335.65
34,318.4117647058824
41,278.9268292682927
47,676.2127659574468
47,713.7659574468086
54,1763.7592592592594
50,1005.78
49,700.2448979591836
48,579.4166666666666
48,1117.7291666666667
49,866.5918367346939
54,1065.4444444444443
55,1204.6727272727273
45,681.0888888888888
37,931.0
50,738.3
49,556.2244897959183
48,678.75
47,616.4042553191489
51,990.8627450980392
46,803.5
48,1044.1875
58,1135.9655172413793
49,722.2244897959183
50,645.12
46,763.5217391304348
45,899.0444444444445
50,819.18
53,901.9056603773585
105,1786.4571428571428
79,1571.746835443038
44,1000.9772727272727
60,1019.7666666666667
70,1265.1142857142856
61,1062.8360655737704
96,1656.4791666666667
56,968.0892857142857
50,765.52
47,506.27659574468083
45,1043.7555555555555
47,822.9148936170212
42,561.8809523809524
44,588.5681818181819
49,715.0204081632653
50,753.58
43,365.5581395348837
60,1108.25
67,1211.044776119403
72,1261.013888888889
56,1203.5
65,1314.446153846154
60,1373.5666666666666
68,1250.4411764705883
56,1126.9642857142858
43,579.7906976744187
63,1183.984126984127
57,1021.2982456140351
49,676.7755102040817
38,759.1842105263158
47,654.9787234042553
40,892.575
44,908.2727272727273
51,996.5098039215686
49,1022.204081632653
50,737.32
53,883.3396226415094
48,722.4583333333334
49,799.2244897959183
60,1179.6
64,1136.765625
54,972.6296296296297
46,658.6521739130435
46,743.9782608695652
44,1176.4545454545455
55,1378.4363636363637
68,1356.8382352941176
64,1476.96875
42,398.8095238095238
48,667.875
47,647.4255319148937
45,685.8444444444444
70,1433.0
96,1605.3020833333333
76,1492.1315789473683
72,1186.2222222222222
66,1152.0454545454545
50,617.22
52,763.3653846153846
42,672.4047619047619
41,636.5853658536586
41,545.3170731707318
44,587.3863636363636
38,577.0526315789474
42,514.5714285714286
39,674.8974358974359
42,813.3333333333334
33,814.5454545454545
45,535.4666666666667
55,1280.9636363636364
54,904.0
49,1052.6938775510205
59,1491.1525423728813
54,1363.2592592592594
57,922.6491228070175
65,1234.9384615384615
45,585.9777777777778
72,1373.6666666666667
87,1564.3908045977012
87,1540.1724137931035
45,499.4
55,902.8909090909091
64,1233.796875
61,1305.5901639344263
60,1402.6666666666667
62,1157.3387096774193
54,1157.1296296296296
53,1349.1509433962265
46,574.2608695652174
24,734.0416666666666
23,614.7826086956521
37,1093.7027027027027
50,1547.08
50,1334.92
55,1464.7454545454545
52,1354.3076923076924
35,1217.5428571428572
39,1239.0
55,1561.490909090909
37,1089.2432432432433
32,884.28125
38,1130.1315789473683
33,1277.6969696969697
32,1111.28125
53,1401.9245283018868
39,1255.5641025641025
33,980.0
33,901.2727272727273
35,1117.7142857142858
31,803.9677419354839
28,1145.2857142857142
29,945.6206896551724
41,1269.9024390243903
34,1132.1764705882354
45,1322.5777777777778
43,1235.9767441860465
32,1050.5
33,939.939393939394
33,1186.6969696969697
41,1154.2682926829268
33,1076.6969696969697
43,1308.4418604651162
119,2052.4957983193276
42,1234.2857142857142
36,1228.5555555555557
52,1477.8076923076924
50,1532.76
63,1853.857142857143
69,1773.072463768116
32,981.9375
33,1048.6060606060605
36,1071.3055555555557
29,1049.896551724138
35,1065.8285714285714
31,736.9354838709677
32,821.21875
39,1164.8461538461538
29,796.9310344827586
36,1091.0555555555557
53,1390.7358490566037
50,1364.86
60,1557.45
45,1518.0222222222221
55,1402.1272727272728
53,1410.0377358490566
57,1555.8245614035088
39,1230.2051282051282
32,849.0625
52,1714.7307692307693
37,1131.054054054054
30,992.6333333333333
29,970.551724137931
36,1100.0277777777778
32,948.375
40,1393.325
38,1315.3684210526317
36,1037.4166666666667
38,1209.921052631579
31,990.7096774193549
31,1173.483870967742
39,1308.2307692307693
51,1383.5686274509803
46,1381.4130434782608
38,1154.1315789473683
30,1228.7333333333333
23,1010.2608695652174
46,1552.0434782608695
55,1410.581818181818
65,1771.3538461538462
38,1267.7105263157894
24,668.0833333333334
35,1016.4285714285714
34,886.0
45,1342.0444444444445
63,1686.968253968254
77,1878.935064935065
67,1506.134328358209
58,1358.5
56,1338.5357142857142
28,769.4285714285714
35,1083.6285714285714
35,780.9428571428572
30,743.8666666666667
28,944.0357142857143
27,733.8518518518518
24,900.2083333333334
25,821.16
30,1010.6333333333333
34,931.9411764705883
33,918.0
35,1216.5714285714287
43,1517.953488372093
33,1093.3636363636363
54,1322.8333333333333
45,1388.3555555555556
48,1536.3333333333333
44,1212.8181818181818
48,1526.9375
31,879.5483870967741
78,1673.0897435897436
74,1854.0675675675675
58,1724.8620689655172
24,838.375
47,1317.0851063829787
57,1445.017543859649
57,1396.842105263158
58,1449.344827586207
52,1346.8461538461538
47,1348.4893617021276
40,1346.05
21,1062.4761904761904
17,884.9411764705883
17,616.8823529411765
40,1604.0
41,1670.2682926829268
47,1474.5106382978724
53,1685.6792452830189
36,1506.9722222222222
28,1319.75
41,1609.341463414634
48,1549.875
28,1215.642857142857
25,1086.36
32,1432.96875
25,1521.36
39,1537.2820512820513
39,1543.179487179487
26,1380.576923076923
32,1284.0625
26,1261.5
28,1045.4642857142858
21,1101.3809523809523
30,1145.3333333333333
24,1034.3333333333333
38,1538.1315789473683
28,1342.857142857143
44,1586.2272727272727
29,1240.2413793103449
26,1406.5
26,1156.1923076923076
27,1415.5185185185185
36,1318.6944444444443
30,1291.9333333333334
54,1907.462962962963
103,2103.4174757281553
26,1321.0384615384614
31,1275.9354838709678
60,1692.3
31,1519.8064516129032
59,1970.5084745762713
58,2126.206896551724
27,1122.4074074074074
28,1241.8214285714287
33,1263.3333333333333
25,1137.88
31,1179.8064516129032
25,919.2
24,1090.75
31,1378.1935483870968
20,1034.55
32,1528.8125
39,1589.7435897435898
54,1699.2777777777778
50,1608.4
45,1643.7333333333333
54,1530.7222222222222
46,1652.1304347826087
53,1638.132075471698
28,1042.607142857143
25,1026.64
53,1844.4905660377358
30,1220.3
22,1190.909090909091
25,1161.36
31,1360.516129032258
25,1302.88
34,1514.5
36,1396.4166666666667
28,1335.142857142857
32,1414.40625
27,1211.7037037037037
31,1176.5483870967741
38,1447.0526315789473
50,1511.66
37,1438.945945945946
31,1253.0
27,1317.0
21,1099.7142857142858
57,1555.7543859649122
50,1558.24
58,1873.4827586206898
29,1243.7931034482758
21,1204.5714285714287
25,1053.12
27,1206.5555555555557
47,1609.6382978723404
68,1841.264705882353
70,1886.857142857143
56,1713.5892857142858
49,1515.5102040816328
42,1397.5
25,1120.12
27,1221.851851851852
26,984.9230769230769
22,998.0909090909091
26,987.3461538461538
19,1060.578947368421
22,913.2727272727273
25,830.28
28,1223.392857142857
26,1121.2307692307693
26,1102.0
31,1649.258064516129
39,1521.025641025641
31,1309.967741935484
53,1617.8301886792453
38,1470.578947368421
45,1715.4
40,1558.925
30,1636.7
23,940.7391304347826
81,1946.5432098765432
75,2016.2933333333333
37,1572.1081081081081
22,870.1363636363636
53,1573.0
51,1581.5098039215686
52,1627.2115384615386
47,1492.936170212766
41,1619.0
43,1584.7209302325582
28,1398.25
20,1001.9
17,930.0588235294117
15,876.2
42,1858.7619047619048
40,1622.525
47,1644.4893617021276
51,1788.686274509804
23,1470.391304347826
25,1357.44
48,1732.6041666666667
36,1727.8333333333333
25,1271.72
21,1270.047619047619
33,1530.6666666666667
27,1576.888888888889
31,1673.5483870967741
40,1658.275
26,1229.3461538461538
28,1287.5714285714287
26,1366.3461538461538
23,1130.2173913043478
24,1372.375
24,1097.5416666666667
31,1568.4516129032259
24,1457.9166666666667
27,1310.888888888889
46,1683.4347826086957
22,1388.5
25,1399.08
28,1349.5357142857142
30,1288.9333333333334
29,1429.7931034482758
28,1516.2142857142858
83,2046.5903614457832
68,2052.485294117647
30,1504.5333333333333
33,1599.3333333333333
50,1894.28
32,1489.75
77,2082.3506493506493
39,1715.3846153846155
19,1306.7894736842106
26,1368.2692307692307
30,1469.7
27,1425.4814814814815
22,1066.5
21,1129.7142857142858
25,1373.6
24,1385.0833333333333
16,1180.0625
33,1766.060606060606
43,1536.6511627906978
56,1748.4464285714287
42,1662.6666666666667
51,1710.2549019607843
50,1547.42
47,1762.404255319149
46,1600.4130434782608
19,1157.842105263158
39,1598.6410256410256
41,1687.1463414634147
26,1209.3846153846155
19,1035.7368421052631
27,1357.037037037037
27,1419.5555555555557
26,1390.1153846153845
34,1462.0
29,1773.0
27,1261.962962962963
33,1379.5757575757575
26,1255.7307692307693
26,1464.576923076923
37,1687.972972972973
47,1640.404255319149
35,1583.9142857142858
24,1256.125
26,1259.8076923076924
28,1586.392857142857
44,1678.3181818181818
50,1788.92
51,1850.0392156862745
22,1164.409090909091
22,1225.4545454545455
29,1089.6896551724137
25,1086.84
53,1749.9622641509434
76,1948.3815789473683
59,1924.4915254237287
56,1640.142857142857
45,1558.2888888888888
29,1451.8275862068965
28,1215.357142857143
25,1222.0
23,1077.5652173913043
19,1067.8947368421052
21,1196.2857142857142
21,1032.7142857142858
20,977.0
17,1168.8823529411766
28,1380.2857142857142
23,1170.2173913043478
21,1162.095238095238
38,1724.3157894736842
32,1533.96875
34,1376.5588235294117
49,1776.1632653061224
34,1534.235294117647
44,1696.8863636363637
41,1644.4146341463415
28,1468.9642857142858
49,1768.1224489795918
67,2006.358208955224
69,2094.753623188406
20,1034.1
28,1445.0
47,1644.1702127659576
49,1612.6530612244899
51,1801.5098039215686
43,1644.8139534883721
38,1638.1315789473683
46,1656.8478260869565
15,1161.4666666666667
17,1202.0588235294117
14,1070.642857142857
24,1253.7083333333333
43,1728.6744186046512
40,1624.95
51,1679.7450980392157
42,1760.357142857143
27,1677.2962962962963
25,1497.84
48,1855.4375
25,1477.76
23,1462.4347826086957
24,1109.4166666666667
35,1601.5714285714287
25,1585.92
41,1616.8048780487804
33,1696.4848484848485
24,1269.375
26,1242.9615384615386
25,1458.4
18,1342.8333333333333
25,1345.4
21,1197.3809523809523
31,1668.9032258064517
27,1390.6296296296296
36,1542.861111111111
33,1739.5757575757575
22,1591.909090909091
22,1256.6363636363637
20,1584.5
29,1424.4137931034484
30,1367.2
32,1695.375
100,2169.81
46,1871.1304347826087
27,1590.7407407407406
35,1787.6857142857143
44,1866.6818181818182
48,1868.0
72,2023.5694444444443
28,1487.1785714285713
24,1445.3333333333333
19,1186.9473684210527
32,1455.03125
25,1514.28
19,1162.4736842105262
21,1220.904761904762
26,1672.1538461538462
22,1158.6818181818182
22,1542.409090909091
40,1874.85
38,1614.8684210526317
49,1734.5510204081634
37,1769.7297297297298
49,1733.142857142857
45,1694.7555555555555
46,1877.2608695652175
36,1583.4722222222222
23,1181.7826086956522
43,1890.139534883721
30,1657.4666666666667
22,1316.1363636363637
23,1240.608695652174
23,1373.304347826087
21,1467.952380952381
27,1615.7407407407406
38,1629.3684210526317
26,1518.5384615384614
25,1236.56
32,1451.90625
27,1367.9259259259259
32,1569.9375
40,1592.375
39,1643.6410256410256
31,1612.774193548387
20,1299.9
23,1410.3478260869565
39,1650.1025641025642
39,1739.3846153846155
52,1925.576923076923
46,1735.7173913043478
16,948.875
22,1422.409090909091
25,1281.48
24,1195.25
53,1942.5471698113208
79,2084.759493670886
56,1905.392857142857
49,1661.9183673469388
43,1649.8372093023256
20,1301.75
28,1310.5357142857142
22,1350.1818181818182
18,1257.888888888889
18,1233.9444444444443
19,1240.2105263157894
19,1123.3684210526317
21,991.4285714285714
20,1303.75
25,1328.88
23,1293.8695652173913
25,1590.88
38,1735.8684210526317
25,1281.48
34,1665.4705882352941
46,1786.9565217391305
40,1845.325
30,1605.3666666666666
44,1769.4772727272727
20,1318.2
58,1947.0
67,2056.805970149254
57,1990.7719298245613
18,1204.5
28,1625.0357142857142
53,1829.0754716981132
47,1656.1489361702127
45,1761.2222222222222
43,1724.1627906976744
32,1678.09375
42,1642.1904761904761
18,1233.5
15,1039.2666666666667
14,823.7857142857143
33,1637.2424242424242
40,1721.775
44,1598.25
43,1826.8837209302326
35,1861.2857142857142
24,1683.9583333333333
32,1701.46875
45,1881.4222222222222
24,1417.75
24,1211.75
30,1434.7
26,1674.923076923077
34,1629.6470588235295
32,1578.46875
26,1847.3076923076924
24,1449.2083333333333
20,1294.8
25,1550.84
19,1293.6315789473683
26,1316.5
22,1168.409090909091
32,1717.625
22,1561.8636363636363
38,1766.578947368421
28,1578.9642857142858
20,1717.9
24,1242.7916666666667
25,1541.44
31,1514.1290322580646
27,1360.7037037037037
46,1873.891304347826
108,2119.5
24,1586.8333333333333
22,1829.0
46,1932.1304347826087
35,1736.3428571428572
66,2037.590909090909
50,2136.36
23,1266.608695652174
25,1332.04
25,1552.44
24,1311.5
26,1398.576923076923
19,1193.578947368421
22,1174.0454545454545
26,1657.923076923077
17,1289.0
25,1739.72
39,1797.1538461538462
43,1700.2325581395348
49,1826.204081632653
41,1795.7317073170732
49,1761.265306122449
40,1731.675
48,1836.5833333333333
25,1352.72
19,1342.2105263157894
48,1944.9166666666667
27,1497.3703703703704
20,1330.25
19,1521.5263157894738
28,1455.2857142857142
23,1310.5652173913043
30,1783.6
32,1592.5625
27,1324.4814814814815
31,1448.225806451613
27,1215.9259259259259
21,1716.5714285714287
35,1498.9142857142858
41,1756.3902439024391
36,1656.888888888889
27,1484.7407407407406
23,1552.8260869565217
18,1215.4444444444443
44,1781.159090909091
45,1835.2444444444445
57,1917.7894736842106
26,1520.423076923077
19,1208.0
25,1285.0
22,1301.0
38,1649.7631578947369
60,1913.3166666666666
69,2071.710144927536
54,1858.148148148148
45,1688.2
40,1636.1
19,1295.0
22,1497.5454545454545
22,1269.9545454545455
17,1228.1176470588234
20,1264.5
17,1171.8823529411766
18,1221.388888888889
16,1179.5625
23,1402.9130434782608
19,1568.6842105263158
23,1290.0434782608695
27,1839.6666666666667
33,1720.5454545454545
28,1358.3214285714287
43,1798.1860465116279
40,1626.75
43,1804.0697674418604
28,1331.9642857142858
37,1956.4054054054054
20,1392.55
74,2036.4864864864865
66,2097.257575757576
39,1926.4358974358975
17,1381.3529411764705
41,1716.6097560975609
47,1818.468085106383
42,1701.904761904762
48,1745.3958333333333
39,1726.871794871795
39,1625.7692307692307
30,1609.9333333333334
16,1274.0
13,1175.6923076923076
10,830.2
41,1770.4146341463415
31,1822.1612903225807
49,1754.2448979591836
46,1785.5
28,1863.642857142857
22,1557.2727272727273
42,1816.1190476190477
38,1741.0263157894738
23,1396.8695652173913
22,1217.0
33,1531.090909090909
22,1827.8636363636363
32,1674.875
37,1849.4324324324325
23,1294.695652173913
23,1603.8260869565217
25,1364.48
24,1181.9583333333333
22,1415.4545454545455
22,1223.090909090909
20,1155.55
33,1800.5757575757575
26,1425.5
40,1805.975
21,1585.5714285714287
25,1457.4
25,1519.96
25,1518.6
24,1612.125
26,1566.1923076923076
66,2033.7878787878788
83,2161.602409638554
26,1552.1923076923076
30,1739.7
52,1885.1538461538462
23,1414.2173913043478
73,2192.5068493150684
40,2072.3
21,1287.0
24,1407.2083333333333
28,1572.5357142857142
26,1516.2692307692307
18,1258.611111111111
18,1253.388888888889
21,1216.142857142857
25,1727.48
16,1273.5625
30,1835.7
38,1707.9736842105262
49,1888.6326530612246
46,1716.6739130434783
44,1748.840909090909
43,1839.093023255814
42,1898.2857142857142
44,1818.909090909091
18,1322.0555555555557
32,1680.21875
41,1907.9268292682927
20,1319.8
19,1293.3157894736842
20,1437.9
28,1548.7142857142858
25,1401.08
30,1689.2333333333333
31,1611.5806451612902
25,1459.96
28,1625.607142857143
24,1310.6666666666667
24,1582.5833333333333
35,1660.0
41,1727.0487804878048
38,1771.3684210526317
23,1364.3478260869565
18,1443.888888888889
16,1365.1875
53,1812.7169811320755
42,1794.2857142857142
54,2009.148148148148
21,1461.857142857143
19,1361.6315789473683
23,1381.4347826086957
21,1325.5714285714287
49,1798.6938775510205
71,1960.8309859154929
55,2125.1272727272726
53,1797.2075471698113
40,1670.5
34,1523.7058823529412
22,1295.090909090909
24,1479.0416666666667
19,1281.842105263158
17,1236.0
20,1264.1
17,1197.7058823529412
18,1160.111111111111
16,1201.875
24,1460.5416666666667
22,1317.1818181818182
22,1213.1363636363637
33,1792.878787878788
32,1638.0
28,1477.4642857142858
49,1808.2857142857142
33,1691.4848484848485
40,1852.2
37,1721.4324324324325
28,1618.0714285714287
41,1749.7317073170732
58,2068.7413793103447
71,2153.676056338028
24,2093.4583333333335
16,1190.5
50,1796.28
44,1817.590909090909
44,1863.25
45,1655.5555555555557
38,1667.2368421052631
42,1699.6904761904761
19,1509.3157894736842
15,1440.0
12,1242.9166666666667
16,1426.1875
41,1923.9024390243903
37,1749.1891891891892
42,1791.1190476190477
47,1837.4255319148936
19,1650.578947368421
22,1477.6818181818182
55,1820.8363636363636
26,1718.0384615384614
22,1485.3636363636363
20,1345.55
28,1880.8214285714287
21,1806.1904761904761
36,1659.388888888889
38,1708.5526315789473
24,1222.5416666666667
21,1564.2857142857142
25,1463.32
20,1224.55
23,1390.6521739130435
21,1317.3809523809523
31,1565.3870967741937
21,1764.6190476190477
29,1661.344827586207
37,1749.7567567567567
21,1660.2380952380952
22,1400.5
22,1541.5454545454545
25,1538.68
27,1507.3703703703704
26,1762.0
90,2083.8
59,2072.2542372881358
24,1768.1666666666667
34,1786.264705882353
47,1849.2978723404256
34,1885.8823529411766
73,2161.7671232876714
30,1732.8
23,1653.1304347826087
18,1228.2777777777778
26,1728.3846153846155
25,1497.76
19,1219.8947368421052
19,1348.3157894736842
22,1500.0
23,1585.8695652173913
12,1170.0833333333333
33,1950.7272727272727
47,1723.8085106382978
49,1819.857142857143
38,1750.9736842105262
46,1833.7391304347825
43,1853.9302325581396
42,1896.9761904761904
40,1653.075
20,1214.35
42,1759.8095238095239
31,1803.483870967742
23,1394.2608695652175
19,1469.157894736842
21,1384.8095238095239
24,1418.0416666666667
24,1729.6666666666667
29,1592.2068965517242
32,1680.90625
21,1588.1904761904761
26,1710.6153846153845
23,1457.0869565217392
24,1583.5833333333333
42,1677.9761904761904
37,1792.2972972972973
33,1692.5454545454545
20,1428.2
22,1510.4545454545455
29,1744.5172413793102
41,1852.0975609756097
49,1864.3265306122448
49,1889.795918367347
13,1249.6923076923076
22,1426.090909090909
21,1361.3809523809523
21,1390.857142857143
53,1860.245283018868
72,2081.7916666666665
56,2043.0535714285713
45,1795.0
47,1702.4893617021276
20,1493.6
26,1446.9615384615386
20,1352.25
19,1309.3684210526317
17,1225.1176470588234
19,1311.578947368421
17,1197.0588235294117
15,1262.3333333333333
21,1316.2857142857142
22,1455.9545454545455
21,1326.1904761904761
17,1285.6470588235295
38,1847.8684210526317
30,1555.3
30,1712.0
45,1923.2444444444445
38,1899.421052631579
31,1643.6129032258063
39,2034.7435897435898
18,1438.611111111111
49,1974.9183673469388
71,2159.0704225352115
61,2162.72131147541
19,1134.842105263158
28,1732.2142857142858
45,1719.9555555555555
44,1787.159090909091
45,1841.9777777777779
41,1711.6341463414635
35,1758.8
41,1719.7073170731708
13,1644.3846153846155
15,1146.8666666666666
10,1318.2
25,1599.4
42,1846.1666666666667
36,1738.4444444444443
49,1784.5510204081634
35,1857.0
24,1784.7083333333333
31,1557.1935483870968
43,1949.6046511627908
27,1475.6666666666667
19,1425.6315789473683
27,1562.888888888889
25,1696.04
24,1505.2083333333333
38,1882.4736842105262
29,1708.8620689655172
23,1402.7826086956522
21,1375.5238095238096
24,1555.6666666666667
20,1279.85
22,1492.590909090909
19,1326.2105263157894
30,1711.5333333333333
24,1557.5
36,1676.5
29,1802.4137931034484
19,1742.0526315789473
22,1365.5
25,1596.6
28,1605.0357142857142
25,1433.92
30,1811.7333333333333
113,2177.83185840708
26,1930.8076923076924
24,1764.2083333333333
40,1911.45
43,1800.8372093023256
57,2047.859649122807
56,2170.4464285714284
21,1434.3333333333333
21,1611.904761904762
24,1586.4583333333333
20,1528.95
24,1547.125
17,1215.4117647058824
20,1274.8
26,1753.923076923077
17,1346.4705882352941
24,1598.3333333333333
38,1935.421052631579
37,1758.7837837837837
53,1795.1509433962265
36,1859.138888888889
44,1766.0227272727273
41,1776.7073170731708
45,1948.6888888888889
32,1533.40625
18,1417.611111111111
45,1972.6444444444444
26,1622.8461538461538
21,1388.6190476190477
18,1459.888888888889
24,1638.0
20,1493.25
31,1803.0645161290322
29,1701.0689655172414
23,1616.9565217391305
26,1710.3076923076924
22,1376.0
23,1553.0
30,1680.2333333333333
41,1749.2439024390244
36,1733.0277777777778
26,1658.923076923077
23,1560.1739130434783
19,1277.3684210526317
40,1797.825
40,1885.425
58,1982.8103448275863
28,1667.107142857143
13,1238.5384615384614
23,1467.9565217391305
23,1316.5217391304348
35,1748.6
45,1893.5777777777778
77,2071.87012987013
52,1992.0384615384614
45,1732.0666666666666
42,1778.9761904761904
18,1222.4444444444443
24,1498.9166666666667
21,1294.3333333333333
17,1280.4705882352941
19,1370.3157894736842
16,1202.5625
17,1234.8823529411766
13,1277.0
23,1430.2173913043478
18,1758.2222222222222
21,1430.3809523809523
24,1729.1666666666667
37,1744.0
25,1474.16
41,1812.3902439024391
32,1791.09375
40,1845.25
31,1699.6774193548388
39,1879.0
17,1686.6470588235295
55,2345.581818181818
63,2156.1428571428573
49,2049.3469387755104
16,1217.6875
36,1701.888888888889
44,1856.3181818181818
45,1757.1777777777777
45,1845.9777777777779
41,1719.0243902439024
36,1729.6944444444443
32,1635.5625
15,1439.0666666666666
13,1197.4615384615386
10,965.4
36,1784.888888888889
38,1793.6842105263158
40,1729.7
49,1826.6122448979593
31,1724.741935483871
24,1510.3333333333333
38,1741.5263157894738
44,1718.4545454545455
20,1603.9
19,1412.9473684210527
30,1641.1
21,1872.095238095238
29,1877.103448275862
35,1720.0857142857142
21,1747.142857142857
26,1518.1538461538462
22,1495.409090909091
21,1392.5238095238096
17,1290.0
24,1442.9166666666667
18,1374.2777777777778
31,1827.3225806451612
21,1815.0
39,1804.7179487179487
23,1511.304347826087
23,1640.9565217391305
22,1279.8181818181818
23,1680.0
31,1535.5483870967741
25,1543.36
55,1972.6
95,2206.463157894737
19,1831.5263157894738
25,1539.4
53,1927.3207547169811
28,1669.392857142857
69,2175.463768115942
42,2128.0
20,1507.35
22,1507.409090909091
27,1557.888888888889
19,1429.9473684210527
23,1579.4347826086957
19,1247.842105263158
19,1316.6842105263158
24,1792.1666666666667
16,1272.875
27,1837.2592592592594
36,1862.0555555555557
46,1859.108695652174
44,1792.2954545454545
41,1830.219512195122
45,1825.9777777777779
39,1865.1538461538462
46,1946.9782608695652
20,1439.65
20,1311.65
46,2107.391304347826
26,1351.7307692307693
19,1333.7368421052631
20,1471.1
24,1736.5
19,1717.5263157894738
29,1746.9310344827586
27,1845.5555555555557
23,1634.5652173913043
29,1601.0
22,1403.8636363636363
24,1528.0
33,1665.8181818181818
43,1748.7906976744187
30,1762.3
23,1670.7826086956522
23,1546.4347826086957
16,1414.3125
43,1988.6511627906978
42,1915.1190476190477
53,2042.188679245283
23,1519.4782608695652
19,1320.5263157894738
19,1564.1052631578948
21,1322.3809523809523
42,1823.4761904761904
63,2006.095238095238
62,2091.3064516129034
53,1818.5094339622642
44,1707.5454545454545
34,1685.5294117647059
19,1369.2631578947369
22,1564.7727272727273
19,1325.6842105263158
15,1386.4
18,1427.4444444444443
16,1276.125
16,1247.25
15,1344.1333333333334
22,1522.9545454545455
22,1368.090909090909
20,1373.65
27,1873.111111111111
32,1816.90625
26,1558.7307692307693
45,1914.1333333333334
32,1720.25
38,2005.8684210526317
35,1917.6
26,1818.8076923076924
16,1358.75
70,2243.9142857142856
71,2135.549295774648
32,1791.9375
15,1290.2
44,1864.2727272727273
44,1867.2727272727273
44,1883.9772727272727
38,1820.6315789473683
39,1728.0
39,1714.7435897435898
23,1684.0434782608695
15,1352.6
12,1244.1666666666667
11,1187.909090909091
40,1948.2
39,1687.974358974359
41,1854.560975609756
48,1865.5416666666667
20,1807.8
22,1525.0454545454545
41,2022.341463414634
33,1841.6060606060605
22,1493.909090909091
19,1337.1052631578948
27,1868.4074074074074
24,1751.2083333333333
33,1629.4848484848485
37,1779.2702702702702
19,1647.7894736842106
21,1701.952380952381
22,1581.090909090909
19,1392.2631578947369
21,1559.904761904762
18,1405.2222222222222
29,1724.7586206896551
23,1519.0
23,1533.304347826087
39,1928.128205128205
18,1770.7222222222222
24,1514.5833333333333
23,1554.0434782608695
23,1656.391304347826
28,1481.1785714285713
24,1780.75
76,2168.0394736842104
66,2168.712121212121
24,1899.5833333333333
29,1795.7241379310344
48,1962.7083333333333
29,1648.7586206896551
73,2184.3561643835615
36,1855.1666666666667
18,1415.611111111111
25,1440.44
27,1640.8148148148148
25,1544.08
17,1306.0
18,1380.3333333333333
22,1554.5
21,1517.142857142857
13,1483.3846153846155
36,1728.9722222222222
35,1712.8285714285714
50,1967.52
38,1849.8157894736842
47,1881.212765957447
42,1803.0714285714287
43,1922.0
43,1698.5116279069769
18,1300.0
34,1765.0
37,1886.2162162162163
22,1445.1818181818182
15,1324.7333333333333
23,1529.695652173913
24,1526.4583333333333
22,1754.5
27,1821.0
27,1879.0
22,1574.3636363636363
27,1600.6296296296296
21,1597.8095238095239
24,1588.5833333333333
34,1737.1470588235295
44,1797.5
34,1676.0294117647059
20,1515.45
20,1614.55
25,1734.64
38,1934.342105263158
45,1974.6666666666667
46,2055.1739130434785
18,1367.0555555555557
19,1395.7894736842106
22,1447.1818181818182
20,1421.85
49,1955.8775510204082
69,2035.4202898550725
56,2082.1428571428573
52,1785.7884615384614
39,1752.4358974358975
26,1596.3461538461538
24,1406.75
22,1406.2727272727273
18,1316.611111111111
17,1238.1764705882354
18,1352.5555555555557
16,1374.8125
14,1224.857142857143
17,1346.1176470588234
24,1562.5
20,1399.05
17,1378.4117647058824
34,1905.6470588235295
26,1853.4615384615386
26,1775.6538461538462
46,1883.8260869565217
29,2044.0
39,1797.7948717948718
39,1823.3333333333333
24,1776.2083333333333
44,1958.0681818181818
62,2169.548387096774
68,2127.514705882353
17,1220.764705882353
22,1775.5454545454545
41,1875.2926829268292
44,1793.0681818181818
46,1824.6739130434783
42,1721.4761904761904
39,1703.6410256410256
41,1774.5365853658536
13,1335.3076923076924
14,1413.0714285714287
12,1239.8333333333333
18,1634.888888888889
42,1899.3333333333333
34,1742.8823529411766
50,1706.08
40,1860.375
24,1843.5
24,1583.5416666666667
48,1861.5416666666667
22,1652.2272727272727
22,1549.0454545454545
19,1421.2105263157894
29,1888.103448275862
25,1600.04
34,1924.264705882353
33,1708.8484848484848
21,1450.047619047619
22,1453.909090909091
24,1514.75
17,1413.3529411764705
22,1477.5454545454545
20,1300.35
28,1827.4285714285713
20,1862.25
32,1729.9375
32,1812.4375
20,1723.95
20,1317.6
20,1695.7
27,1524.2962962962963
25,1572.28
28,1972.0714285714287
101,2153.6039603960394
42,2016.1666666666667
23,1875.9565217391305
38,1919.7894736842106
37,1950.2432432432433
48,2064.8333333333335
59,2286.3050847457625
22,1819.1363636363637
21,1681.095238095238
17,1298.2941176470588
28,1730.2857142857142
23,1602.1739130434783
17,1275.5294117647059
18,1374.888888888889
26,1693.0384615384614
18,1404.9444444444443
20,1697.6
35,2137.4285714285716
35,1711.6857142857143
47,1858.2978723404256
35,1818.4857142857143
42,1867.9285714285713
45,1843.1555555555556
44,1930.1363636363637
35,1705.3428571428572
19,1336.578947368421
44,1863.2954545454545
27,1790.4074074074074
21,1412.7142857142858
20,1407.55
21,1546.3333333333333
18,1639.7222222222222
24,1790.5833333333333
33,1860.121212121212
26,1570.8461538461538
21,1441.857142857143
29,1654.2413793103449
22,1469.5454545454545
31,1728.774193548387
37,1697.054054054054
26,1805.3461538461538
37,1735.7837837837837
20,1488.8
20,1604.4
33,1893.060606060606
36,1869.2777777777778
50,2030.82
41,1930.8292682926829
12,1269.3333333333333
22,1462.4545454545455
22,1400.6818181818182
20,1450.2
52,1969.326923076923
76,2167.75
56,1892.767857142857
45,1786.2222222222222
42,1750.357142857143
17,1458.5882352941176
22,1605.3636363636363
20,1482.85
17,1351.6470588235295
16,1393.25
16,1487.9375
17,1259.235294117647
14,1382.142857142857
19,1445.6315789473683
24,1353.125
21,1415.0
23,1703.8695652173913
36,1828.1666666666667
24,1328.0416666666667
30,2038.7666666666667
41,1989.2682926829268
38,1939.7105263157894
27,1816.962962962963
37,2076.4054054054054
16,1586.4375
54,2115.462962962963
63,2166.5714285714284
56,2057.7678571428573
16,1309.4375
30,1832.2333333333333
43,1883.7209302325582
43,1803.6511627906978
43,1855.0232558139535
39,1866.7179487179487
36,1720.388888888889
35,1701.6
15,1508.0
11,1344.0
10,1254.4
22,1741.5454545454545
45,1869.7555555555555
41,1711.1463414634147
41,1896.2439024390244
35,1899.2285714285715
23,1747.695652173913
31,1740.258064516129
44,1911.75
22,1548.1363636363637
22,1331.2272727272727
26,1649.8846153846155
24,1801.7916666666667
29,1908.551724137931
32,1731.09375
24,1733.75
22,1617.3181818181818
18,1501.111111111111
24,1545.8333333333333
18,1324.0555555555557
23,1580.0
17,1339.5294117647059
30,1814.0
22,1701.0
37,1789.7297297297298
28,1586.8214285714287
21,1637.7619047619048
20,1454.85
23,1689.0434782608695
29,1626.8275862068965
23,1634.9565217391305
43,1971.5348837209303
106,2224.367924528302
19,1641.421052631579
22,1803.909090909091
43,2071.6511627906975
34,1810.4117647058824
61,2184.27868852459
49,2178.469387755102
18,1605.6666666666667
20,1612.9
24,1606.9583333333333
19,1682.7368421052631
22,1679.1818181818182
16,1372.1875
18,1386.5555555555557
27,1628.3703703703704
16,1345.625
25,1747.68
35,1993.4
41,1767.8048780487804
48,1873.6458333333333
39,1853.2820512820513
49,1792.2244897959183
37,1829.972972972973
47,1908.723404255319
23,1478.695652173913
19,1336.2105263157894
45,2046.2
25,1634.44
18,1418.5
19,1462.9473684210527
25,1681.16
17,1754.0588235294117
30,1821.6666666666667
29,1736.1724137931035
22,1613.9545454545455
27,1697.7407407407406
23,1344.695652173913
24,1524.5833333333333
31,1689.741935483871
40,1776.7
33,1830.3333333333333
24,1650.4583333333333
22,1621.1363636363637
14,1517.857142857143
43,1843.2790697674418
39,2082.923076923077
53,2055.867924528302
28,1502.7857142857142
14,1514.357142857143
20,1585.15
19,1444.0
36,1790.0277777777778
57,2003.9649122807018
68,2100.720588235294
52,1925.2692307692307
43,1763.093023255814
39,1680.8461538461538
16,1452.25
21,1656.3333333333333
19,1370.6315789473683
16,1285.75
18,1454.6666666666667
15,1357.4
15,1407.6
15,1335.4666666666667
21,1500.6666666666667
21,1473.4761904761904
20,1398.6
26,1944.8846153846155
33,1768.6363636363637
23,1846.9565217391305
40,1891.55
38,1689.2631578947369
42,1896.095238095238
21,1680.2380952380952
36,2015.9722222222222
18,1485.2222222222222
65,2137.630769230769
70,2162.3285714285716
38,2000.2631578947369
15,1322.3333333333333
39,1792.5384615384614
41,2071.512195121951
42,1704.8095238095239
45,1868.7333333333333
40,1674.525
38,1693.8157894736842
26,1790.7307692307693
15,1400.8666666666666
12,1324.25
8,944.5
37,1937.3513513513512
38,1779.8157894736842
42,1782.8333333333333
48,1937.2708333333333
22,1885.8636363636363
21,1641.857142857143
40,1903.0
35,1898.8
20,1587.0
18,1491.7222222222222
26,1782.9615384615386
25,1715.04
33,1650.969696969697
39,1769.5128205128206
19,1529.6842105263158
23,1588.0869565217392
20,1700.75
20,1379.2
21,1523.5714285714287
19,1417.157894736842
17,1320.8235294117646
30,1983.3666666666666
20,1807.05
38,1931.657894736842
20,1459.85
23,1731.2173913043478
25,1525.2
21,1764.0
24,1658.8333333333333
23,1753.4347826086957
63,2137.031746031746
82,2190.3048780487807
23,1673.3478260869565
28,1870.2142857142858
49,2022.2244897959183
20,1544.95
73,2202.013698630137
39,2132.5641025641025
18,1462.2777777777778
23,1525.7826086956522
27,1584.9259259259259
24,1598.0833333333333
17,1415.5882352941176
17,1369.764705882353
18,1328.1666666666667
25,1730.08
14,1446.857142857143
28,2008.0
34,1822.9117647058824
50,1885.5
41,1888.9268292682927
42,1829.452380952381
42,1880.7857142857142
42,1906.2142857142858
43,1883.6279069767443
19,1317.421052631579
31,1694.4193548387098
40,1911.7
20,1319.1
20,1379.35
17,1629.8823529411766
23,1846.5217391304348
21,1647.5238095238096
27,1864.4074074074074
29,1711.1724137931035
20,1790.2
28,1624.357142857143
20,1556.45
24,1630.0
33,1703.7575757575758
39,1846.6923076923076
35,1920.5142857142857
22,1465.090909090909
16,1567.5625
15,1517.0666666666666
47,2025.8936170212767
39,1896.2307692307693
50,2174.94
21,1497.2857142857142
18,1481.0
20,1504.45
19,1473.7368421052631
47,1884.7021276595744
67,2055.223880597015
53,2044.2830188679245
56,1869.357142857143
39,1734.1538461538462
31,1664.9032258064517
21,1466.8095238095239
22,1450.9545454545455
18,1386.2222222222222
15,1384.7333333333333
18,1389.9444444444443
17,1213.235294117647
15,1353.0666666666666
15,1335.9333333333334
21,1606.7142857142858
20,1421.25
18,1536.388888888889
29,2089.4137931034484
30,1792.1333333333334
28,1607.25
45,1968.4666666666667
28,1867.6785714285713
41,1767.6829268292684
33,1952.1515151515152
26,1737.8846153846155
38,1899.1052631578948
60,2168.2833333333333
64,2173.515625
25,1810.64
20,1543.3
41,1765.6097560975609
45,1858.4666666666667
48,1810.25
39,1805.6666666666667
37,1733.5675675675675
38,1851.9736842105262
17,1707.9411764705883
14,1422.357142857143
12,1297.0
16,1531.8125
38,2006.842105263158
38,1718.8157894736842
42,1806.595238095238
45,1916.1555555555556
17,1876.3529411764705
20,1594.25
49,2032.9591836734694
25,1788.2
22,1455.2727272727273
19,1472.6315789473683
27,1936.1851851851852
22,1809.5454545454545
33,1723.7575757575758
36,1824.2777777777778
19,1542.7368421052631
20,1627.75
22,1630.409090909091
18,1458.5555555555557
21,1527.047619047619
18,1398.7777777777778
29,1699.5862068965516
20,1858.4
27,1794.4074074074074
35,1839.7428571428572
20,1737.65
21,1454.8095238095239
20,1623.1
25,1604.64
25,1576.56
26,1771.5
85,2199.235294117647
59,2088.5423728813557
25,1754.76
33,1805.8181818181818
44,1960.7272727272727
34,1885.6764705882354
68,2309.1029411764707
28,1877.7857142857142
23,1595.8260869565217
17,1340.5882352941176
27,1729.037037037037
23,1597.695652173913
16,1428.0
17,1422.8235294117646
21,1589.7619047619048
22,1668.6363636363637
12,1214.3333333333333
31,2082.8709677419356
44,1825.7272727272727
46,1911.3260869565217
34,1964.4705882352941
47,1837.9787234042553
43,1837.8372093023256
44,1893.0
34,1836.9117647058824
18,1299.5
38,1926.1842105263158
32,1793.90625
21,1450.8095238095239
18,1542.5555555555557
20,1519.0
19,1704.9473684210527
21,1829.4285714285713
31,1682.8387096774193
27,1775.7407407407406
22,1607.8181818181818
28,1665.357142857143
23,1412.9565217391305
23,1652.2608695652175
34,1781.264705882353
42,1905.047619047619
28,1807.892857142857
19,1555.842105263158
20,1668.95
27,1874.4444444444443
37,2049.891891891892
46,1984.1521739130435
47,1981.872340425532
12,1236.4166666666667
20,1549.4
20,1458.0
19,1544.2105263157894
51,1954.2745098039215
70,2164.1
56,1984.0892857142858
49,1759.591836734694
42,1779.9285714285713
21,1422.142857142857
24,1563.125
19,1435.6842105263158
17,1407.1176470588234
16,1349.6875
17,1441.1764705882354
16,1308.0
12,1301.5833333333333
